PRSS1_domain	P07477	100.000	1.000	0.907	8.119E-157	481	1	224	24	247
PRSS1_domain	P07478	89.200	1.000	0.907	5.698E-140	432	1	224	24	247
PRSS1_domain	Q8NHM4	89.200	1.000	0.907	3.780E-139	430	1	224	24	247
PRSS1_domain	P35030	87.000	1.000	0.737	8.047E-137	423	1	224	81	304
PRSS1_domain	P06872	80.800	1.000	0.907	4.678E-128	398	1	224	24	247
PRSS1_domain	P00763	80.200	0.996	0.907	1.501E-126	393	1	223	24	246
PRSS1_domain	P08426	78.400	0.996	0.903	1.364E-125	391	1	223	25	247
PRSS1_domain	Q9R0T7	78.900	0.996	0.907	3.513E-125	389	1	223	24	246
PRSS1_domain	Q9QUK9	77.500	0.996	0.907	5.999E-124	386	1	223	24	246
PRSS1_domain	P00761	78.900	0.996	0.965	1.127E-123	385	1	223	9	231
PRSS1_domain	Q29463	78.100	1.000	0.907	3.615E-122	381	1	224	24	247
PRSS1_domain	P00762	78.000	0.996	0.907	2.397E-121	378	1	223	24	246
PRSS1_domain	P07146	75.700	0.996	0.907	1.054E-119	374	1	223	24	246
PRSS1_domain	P00760	75.300	0.996	0.907	1.444E-119	373	1	223	24	246
PRSS1_domain	P06871	75.300	0.996	0.907	4.633E-118	369	1	223	24	246
PRSS1_domain	P70059	70.400	0.996	0.914	4.329E-114	357	1	223	22	244
PRSS1_domain	P19799	70.800	0.996	0.918	4.898E-112	351	1	223	21	243
PRSS1_domain	P35033	68.600	0.996	0.937	6.713E-112	351	1	223	16	238
PRSS1_domain	Q90627	68.600	0.996	0.899	1.570E-110	347	1	223	26	248
PRSS1_domain	Q90628	68.600	0.996	0.899	5.540E-110	346	1	223	26	248
PRSS1_domain	Q90629	70.200	0.991	0.895	1.296E-108	342	1	222	26	247
PRSS1_domain	P12788	68.300	0.996	0.907	1.776E-108	341	1	223	24	247
PRSS1_domain	P32822	67.200	0.996	0.902	9.710E-106	333	1	223	25	246
PRSS1_domain	P32821	67.200	0.996	0.902	6.435E-105	331	1	223	25	246
PRSS1_domain	P35032	63.800	0.987	0.952	7.464E-100	316	1	221	10	229
PRSS1_domain	P35031	63.500	0.991	0.913	2.633E-99	315	1	222	21	241
PRSS1_domain	P00764	64.400	0.991	0.965	1.273E-98	313	1	222	8	228
PRSS1_domain	P16049	62.400	0.987	0.913	1.788E-95	304	1	221	20	239
PRSS1_domain	Q91041	61.700	0.991	0.917	4.603E-95	302	1	222	20	240
PRSS1_domain	Q8CGR5	48.000	0.996	0.908	4.842E-73	239	1	223	24	250
PRSS1_domain	P35034	47.300	0.991	0.904	3.200E-72	237	1	222	23	248
PRSS1_domain	Q9Y337	46.900	1.000	0.775	3.644E-67	222	1	224	67	293
PRSS1_domain	P06870	43.500	1.000	0.908	2.175E-65	217	1	224	25	262
PRSS1_domain	P15947	43.000	0.996	0.904	1.048E-64	215	1	223	25	260
PRSS1_domain	Q7JIG6	43.400	0.996	0.922	1.967E-64	214	1	223	21	255
PRSS1_domain	O88780	44.400	0.982	0.862	1.967E-64	214	1	220	33	256
PRSS1_domain	Q9UBX7	45.400	0.996	0.812	2.693E-64	214	1	223	54	282
PRSS1_domain	Q9P0G3	43.700	0.982	0.892	3.689E-64	213	1	220	25	248
PRSS1_domain	Q28773	43.700	1.000	0.907	3.689E-64	213	1	224	25	258
PRSS1_domain	P20151	45.700	0.996	0.904	3.689E-64	213	1	223	25	260
PRSS1_domain	Q07276	43.500	1.000	0.907	5.052E-64	213	1	224	25	257
PRSS1_domain	Q61955	44.400	0.982	0.862	5.052E-64	213	1	220	33	256
PRSS1_domain	Q9H2R5	42.900	0.996	0.918	6.919E-64	213	1	223	22	256
PRSS1_domain	O60259	43.100	0.991	0.869	1.298E-63	212	1	222	33	258
PRSS1_domain	Q09GK1	44.200	1.000	0.874	2.434E-63	211	1	224	25	252
PRSS1_domain	A8QL57	43.800	0.996	0.801	2.434E-63	211	1	223	57	282
PRSS1_domain	Q9QYN3	44.500	0.996	0.830	3.334E-63	211	1	223	48	276
PRSS1_domain	Q5MCS0	43.600	1.000	0.857	4.566E-63	210	1	224	34	260
PRSS1_domain	Q9UKR3	45.700	0.973	0.812	4.566E-63	210	3	220	38	262
PRSS1_domain	A8QL53	43.300	0.996	0.801	6.253E-63	210	1	223	57	282
PRSS1_domain	Q92876	44.600	0.991	0.910	8.564E-63	209	1	222	22	243
PRSS1_domain	P00752	41.000	0.996	0.967	1.173E-62	209	1	223	8	245
PRSS1_domain	P36375	42.500	0.996	0.903	1.987E-61	205	1	223	25	258
PRSS1_domain	P36373	43.600	0.996	0.904	1.987E-61	205	1	223	25	260
PRSS1_domain	P07288	43.200	0.996	0.904	1.987E-61	205	1	223	25	260
PRSS1_domain	P36374	42.200	0.996	0.904	2.721E-61	205	1	223	25	260
PRSS1_domain	A8QL56	42.200	1.000	0.873	5.103E-61	204	1	224	25	251
PRSS1_domain	Q9PT51	42.300	1.000	0.974	6.988E-61	204	1	224	1	227
PRSS1_domain	P36376	41.900	1.000	0.907	9.569E-61	203	1	224	25	259
PRSS1_domain	P32824	41.900	0.996	0.905	9.569E-61	203	1	223	25	262
PRSS1_domain	P00758	40.600	0.996	0.904	1.310E-60	203	1	223	25	260
PRSS1_domain	Q9YGS1	42.200	1.000	0.970	2.457E-60	202	1	224	2	228
PRSS1_domain	Q9YGI6	43.000	1.000	0.885	4.608E-60	201	1	224	25	254
PRSS1_domain	Q7SZE2	43.400	1.000	0.974	6.309E-60	201	1	224	1	228
PRSS1_domain	P15945	41.200	1.000	0.908	6.309E-60	201	1	224	25	261
PRSS1_domain	Q61759	41.100	0.996	0.904	6.309E-60	201	1	223	25	260
PRSS1_domain	Q7SZE1	44.700	1.000	0.884	8.640E-60	201	1	224	25	252
PRSS1_domain	P15946	40.200	0.996	0.904	1.183E-59	200	1	223	25	260
PRSS1_domain	O93421	42.600	1.000	0.975	2.218E-59	199	1	224	1	230
PRSS1_domain	Q9YGJ2	42.100	1.000	0.885	2.218E-59	199	1	224	25	254
PRSS1_domain	Q71QI1	42.100	1.000	0.884	3.038E-59	199	1	224	25	252
PRSS1_domain	P49862	42.300	0.982	0.870	4.159E-59	199	1	220	30	249
PRSS1_domain	I4CHP3	41.300	1.000	0.975	5.696E-59	198	1	224	1	232
PRSS1_domain	Q71QH6	41.600	1.000	0.884	5.696E-59	198	1	224	25	252
PRSS1_domain	P09582	39.800	1.000	0.908	5.696E-59	198	1	224	25	260
PRSS1_domain	P84787	41.400	1.000	0.974	7.799E-59	198	1	224	1	227
PRSS1_domain	N0A5N4	42.600	1.000	0.970	7.799E-59	198	1	224	2	231
PRSS1_domain	Q9PTL3	41.800	1.000	0.883	7.799E-59	198	1	224	25	251
PRSS1_domain	P00756	39.400	0.996	0.904	7.799E-59	198	1	223	25	260
PRSS1_domain	P15949	40.600	0.996	0.904	7.799E-59	198	1	223	25	260
PRSS1_domain	N0AAE6	42.600	1.000	0.970	1.068E-58	198	1	224	2	231
PRSS1_domain	Q2PQJ3	41.500	1.000	0.974	1.462E-58	197	1	224	1	226
PRSS1_domain	Q91509	41.400	1.000	0.883	1.462E-58	197	1	224	25	251
PRSS1_domain	Q71QJ4	42.100	1.000	0.885	2.002E-58	197	1	224	25	254
PRSS1_domain	P00755	41.100	0.996	0.904	2.002E-58	197	1	223	25	260
PRSS1_domain	P84788	40.900	1.000	0.974	2.741E-58	196	1	224	1	227
PRSS1_domain	Q91VE3	41.400	0.982	0.884	2.741E-58	196	1	220	26	245
PRSS1_domain	Q91511	41.400	1.000	0.883	2.741E-58	196	1	224	25	251
PRSS1_domain	P82981	42.100	1.000	0.974	3.754E-58	196	1	224	1	228
PRSS1_domain	P81176	40.900	1.000	0.975	3.754E-58	196	1	224	1	232
PRSS1_domain	Q9JM71	40.700	0.996	0.905	3.754E-58	196	1	223	25	262
PRSS1_domain	Q9UKR0	43.400	0.996	0.915	5.140E-58	196	1	223	22	248
PRSS1_domain	Q8AY80	41.200	1.000	0.884	5.140E-58	196	1	224	25	252
PRSS1_domain	Q072L6	41.300	1.000	0.884	5.140E-58	196	1	224	25	253
PRSS1_domain	Q91053	40.500	1.000	0.885	5.140E-58	196	1	224	25	256
PRSS1_domain	Q6T5L0	40.000	1.000	0.975	7.038E-58	195	1	224	1	232
PRSS1_domain	Q9I8X1	41.200	1.000	0.884	7.038E-58	195	1	224	25	252
PRSS1_domain	Q91510	40.900	1.000	0.883	9.636E-58	195	1	224	25	251
PRSS1_domain	Q9DG84	40.900	1.000	0.883	9.636E-58	195	1	224	25	251
PRSS1_domain	O13059	41.200	1.000	0.884	9.636E-58	195	1	224	25	252
PRSS1_domain	Q71QH7	41.200	1.000	0.884	9.636E-58	195	1	224	25	252
PRSS1_domain	P33619	41.900	0.996	0.904	9.636E-58	195	1	223	25	260
PRSS1_domain	Q6DT45	41.900	0.996	0.904	9.636E-58	195	1	223	25	260
PRSS1_domain	Q91508	40.500	1.000	0.883	1.806E-57	194	1	224	25	251
PRSS1_domain	P00759	41.700	0.996	0.903	1.806E-57	194	1	223	25	258
PRSS1_domain	P09872	39.900	1.000	0.974	2.473E-57	194	1	224	1	225
PRSS1_domain	E0Y421	41.400	1.000	0.883	2.473E-57	194	1	224	25	251
PRSS1_domain	Q91507	40.900	1.000	0.883	2.473E-57	194	1	224	25	251
PRSS1_domain	Q8AY79	41.200	1.000	0.884	2.473E-57	194	1	224	25	252
PRSS1_domain	Q8UVX1	40.400	1.000	0.885	3.387E-57	193	1	224	25	254
PRSS1_domain	Q8UUJ1	40.100	1.000	0.974	4.637E-57	193	1	224	1	227
PRSS1_domain	Q61754	39.900	0.996	0.905	4.637E-57	193	1	223	25	262
PRSS1_domain	Q9UKQ9	41.700	0.964	0.888	6.349E-57	192	2	217	24	245
PRSS1_domain	E5L0E6	39.900	1.000	0.882	6.349E-57	192	1	224	25	249
PRSS1_domain	P0CJ41	40.700	1.000	0.884	6.349E-57	192	1	224	25	252
PRSS1_domain	Q7SYF1	42.500	1.000	0.883	8.692E-57	192	1	224	25	250
PRSS1_domain	Q8UUJ2	39.100	1.000	0.975	1.190E-56	192	1	224	1	230
PRSS1_domain	J3S835	42.500	1.000	0.884	1.190E-56	192	1	224	25	252
PRSS1_domain	Q8AY78	42.100	1.000	0.884	1.629E-56	191	1	224	25	252
PRSS1_domain	Q9DF67	41.700	1.000	0.884	1.629E-56	191	1	224	25	252
PRSS1_domain	Q7T229	41.300	1.000	0.885	2.231E-56	191	1	224	25	254
PRSS1_domain	E0Y419	40.500	1.000	0.883	3.054E-56	190	1	224	25	251
PRSS1_domain	Q6IWF1	38.700	1.000	0.974	4.182E-56	190	1	224	1	227
PRSS1_domain	Q9PT41	40.900	1.000	0.888	5.725E-56	190	1	224	25	254
PRSS1_domain	P15948	38.400	0.996	0.903	5.725E-56	190	1	223	25	258
PRSS1_domain	A1KXI1	42.600	0.969	0.846	5.725E-56	190	1	217	36	260
PRSS1_domain	P00757	39.800	0.960	0.891	7.838E-56	189	9	223	28	255
PRSS1_domain	Q9YGJ9	39.200	1.000	0.883	7.838E-56	189	1	224	25	251
PRSS1_domain	P05620	40.000	1.000	0.885	7.838E-56	189	1	224	25	254
PRSS1_domain	Q5W958	39.600	1.000	0.881	1.073E-55	189	1	224	25	247
PRSS1_domain	P0C5B4	40.000	1.000	0.885	1.073E-55	189	1	224	25	254
PRSS1_domain	O13060	40.100	0.996	0.881	1.469E-55	188	1	223	25	253
PRSS1_domain	Q71QJ0	39.600	1.000	0.883	2.011E-55	188	1	224	25	251
PRSS1_domain	Q91516	40.500	0.996	0.880	2.011E-55	188	1	223	25	251
PRSS1_domain	Q27J47	41.600	1.000	0.884	2.011E-55	188	1	224	25	252
PRSS1_domain	P00765	42.700	0.969	0.983	2.754E-55	188	1	217	1	233
PRSS1_domain	Q9DF66	41.200	1.000	0.884	2.754E-55	188	1	224	25	252
PRSS1_domain	Q71QI0	40.100	0.996	0.881	2.754E-55	188	1	223	25	253
PRSS1_domain	Q76B45	35.900	1.000	0.897	2.754E-55	188	1	224	30	282
PRSS1_domain	Q8QHK2	42.100	1.000	0.884	3.770E-55	187	1	224	25	252
PRSS1_domain	P07647	40.800	0.996	0.903	3.770E-55	187	1	223	25	258
PRSS1_domain	Q71QI5	40.500	1.000	0.883	5.161E-55	187	1	224	25	251
PRSS1_domain	Q9Y5K2	40.200	0.996	0.882	7.066E-55	186	1	223	31	254
PRSS1_domain	O13062	39.200	1.000	0.883	7.066E-55	186	1	224	25	251
PRSS1_domain	P36368	38.300	1.000	0.908	9.673E-55	186	1	224	25	261
PRSS1_domain	P29787	43.300	0.969	0.835	9.673E-55	186	1	217	40	261
PRSS1_domain	P0CG03	40.000	1.000	0.885	1.324E-54	186	1	224	25	254
PRSS1_domain	F8S116	42.100	1.000	0.884	1.813E-54	185	1	224	25	252
PRSS1_domain	J3SDX0	38.800	1.000	0.885	1.813E-54	185	1	224	25	254
PRSS1_domain	J3SBQ3	38.400	1.000	0.874	1.813E-54	185	1	224	25	253
PRSS1_domain	P12323	37.300	0.996	0.996	2.482E-54	185	1	223	1	238
PRSS1_domain	O13057	39.700	0.996	0.881	2.482E-54	185	1	223	25	253
PRSS1_domain	B0ZT25	40.100	0.996	0.881	2.482E-54	185	1	223	25	253
PRSS1_domain	P81824	40.400	1.000	0.958	3.398E-54	184	1	224	6	232
PRSS1_domain	Q072L7	40.600	1.000	0.884	3.398E-54	184	1	224	25	252
PRSS1_domain	P47796	42.600	0.996	0.875	4.651E-54	184	1	223	34	263
PRSS1_domain	P81661	38.600	0.996	0.970	6.367E-54	184	1	223	1	225
PRSS1_domain	E5L0E5	39.900	1.000	0.884	8.716E-54	183	1	224	25	252
PRSS1_domain	Q8AY82	39.300	0.996	0.881	8.716E-54	183	1	223	25	253
PRSS1_domain	O73800	39.400	1.000	0.885	8.716E-54	183	1	224	25	254
PRSS1_domain	Q8QHK3	37.500	1.000	0.874	8.716E-54	183	1	224	25	253
PRSS1_domain	Q7Z410	39.000	0.964	0.215	8.716E-54	183	1	216	504	731
PRSS1_domain	Q71QJ3	40.000	1.000	0.883	1.193E-53	183	1	224	25	251
PRSS1_domain	Q9YGJ8	40.300	1.000	0.884	1.193E-53	183	1	224	25	252
PRSS1_domain	P36369	38.300	1.000	0.908	1.193E-53	183	1	224	25	261
PRSS1_domain	Q71QI7	39.700	1.000	0.883	1.633E-53	183	1	224	25	251
PRSS1_domain	J3SDW9	39.300	1.000	0.881	2.236E-53	182	1	224	25	247
PRSS1_domain	Q5W960	37.700	0.996	0.878	2.236E-53	182	1	223	25	248
PRSS1_domain	Q9DF68	39.200	1.000	0.885	2.236E-53	182	1	224	25	254
PRSS1_domain	J3RY93	39.100	1.000	0.885	2.236E-53	182	1	224	25	254
PRSS1_domain	P18964	38.600	0.996	0.970	3.061E-53	182	1	223	1	229
PRSS1_domain	Q8QG86	38.800	0.996	0.879	3.061E-53	182	1	223	25	250
PRSS1_domain	O13063	40.800	1.000	0.884	3.061E-53	182	1	224	25	252
PRSS1_domain	P00766	43.100	0.996	0.939	5.735E-53	181	1	223	16	245
PRSS1_domain	E5L0E4	39.300	1.000	0.883	5.735E-53	181	1	224	25	250
PRSS1_domain	P0DJF5	39.600	0.996	0.880	5.735E-53	181	1	223	25	251
PRSS1_domain	P04813	42.000	0.996	0.875	5.735E-53	181	1	223	34	263
PRSS1_domain	O43240	38.600	0.982	0.826	5.735E-53	181	4	223	49	276
PRSS1_domain	Q2QA04	39.400	1.000	0.885	7.851E-53	181	1	224	25	256
PRSS1_domain	Q9ES87	39.200	0.987	0.708	7.851E-53	181	1	221	45	286
PRSS1_domain	O13069	39.600	1.000	0.883	1.075E-52	180	1	224	25	251
PRSS1_domain	P07628	37.500	1.000	0.908	1.075E-52	180	1	224	25	261
PRSS1_domain	P69525	37.800	0.996	0.221	1.075E-52	180	1	223	506	740
PRSS1_domain	P04971	37.300	0.996	0.882	1.471E-52	180	1	223	25	249
PRSS1_domain	E0Y420	38.700	1.000	0.884	2.014E-52	179	1	224	25	252
PRSS1_domain	J3RYA3	39.700	0.987	0.874	2.014E-52	179	1	221	25	253
PRSS1_domain	P69526	37.800	0.996	0.221	2.014E-52	179	1	223	506	740
PRSS1_domain	P85109	40.100	0.996	0.970	2.756E-52	179	1	223	1	229
PRSS1_domain	J3S832	39.400	1.000	0.883	2.756E-52	179	1	224	25	251
PRSS1_domain	P39675	41.200	0.973	0.874	2.756E-52	179	1	218	30	257
PRSS1_domain	P17538	42.000	0.996	0.875	2.756E-52	179	1	223	34	263
PRSS1_domain	P35036	40.700	0.969	0.801	3.773E-52	179	1	217	51	272
PRSS1_domain	U5YCR8	38.300	1.000	0.908	5.164E-52	178	1	224	18	244
PRSS1_domain	Q71QJ1	39.200	1.000	0.883	5.164E-52	178	1	224	25	251
PRSS1_domain	P49275	40.100	0.973	0.880	5.164E-52	178	1	218	28	255
PRSS1_domain	Q9CR35	41.600	0.996	0.875	5.164E-52	178	1	223	34	263
PRSS1_domain	P35037	40.300	0.991	0.825	5.164E-52	178	1	222	49	275
PRSS1_domain	Q9PTU8	38.500	1.000	0.884	7.069E-52	178	1	224	25	252
PRSS1_domain	P43685	41.500	0.973	0.996	9.675E-52	177	1	218	1	229
PRSS1_domain	Q9PSN3	38.400	0.996	0.974	9.675E-52	177	1	223	1	229
PRSS1_domain	J3S833	38.600	1.000	0.884	9.675E-52	177	1	224	25	253
PRSS1_domain	Q8UUK2	38.600	1.000	0.884	9.675E-52	177	1	224	25	253
PRSS1_domain	O13061	39.200	1.000	0.885	9.675E-52	177	1	224	25	254
PRSS1_domain	A0A1I9KNP0	38.000	0.996	0.881	9.675E-52	177	1	223	25	253
PRSS1_domain	P16296	42.200	0.969	0.496	9.675E-52	177	1	217	228	456
PRSS1_domain	Q71QI8	39.200	1.000	0.883	1.324E-51	177	1	224	25	251
PRSS1_domain	Q5W959	39.000	1.000	0.884	1.324E-51	177	1	224	25	252
PRSS1_domain	Q9I8X2	38.200	1.000	0.885	1.324E-51	177	1	224	25	254
PRSS1_domain	Q9DG83	40.400	1.000	0.885	1.324E-51	177	1	224	25	254
PRSS1_domain	Q16651	37.700	0.982	0.703	1.324E-51	177	1	220	45	285
PRSS1_domain	Q9I8X0	37.400	1.000	0.883	1.813E-51	177	1	224	25	251
PRSS1_domain	P33589	38.100	1.000	0.987	2.481E-51	176	1	224	1	225
PRSS1_domain	Q5FBW2	34.500	1.000	0.900	2.481E-51	176	1	224	29	280
PRSS1_domain	Q5FBW1	34.500	1.000	0.900	2.481E-51	176	1	224	29	280
PRSS1_domain	Q58G94	37.700	0.996	0.971	3.396E-51	176	1	223	1	231
PRSS1_domain	Q71QH5	39.600	1.000	0.883	3.396E-51	176	1	224	25	251
PRSS1_domain	Q9ESD1	37.600	0.987	0.708	3.396E-51	176	1	221	45	286
PRSS1_domain	O13058	40.400	1.000	0.883	4.648E-51	175	1	224	25	251
PRSS1_domain	E5AJX2	36.100	1.000	0.883	4.648E-51	175	1	224	25	251
PRSS1_domain	B0FXM1	37.700	0.996	0.882	4.648E-51	175	1	223	25	255
PRSS1_domain	Q6GPI1	41.600	0.996	0.875	4.648E-51	175	1	223	34	263
PRSS1_domain	B5U6Y3	39.700	1.000	0.884	6.362E-51	175	1	224	25	252
PRSS1_domain	Q71QJ2	37.300	1.000	0.885	6.362E-51	175	1	224	25	254
PRSS1_domain	F8S114	38.800	0.987	0.874	6.362E-51	175	1	221	25	253
PRSS1_domain	J3S3W5	38.800	0.987	0.874	6.362E-51	175	1	221	25	253
PRSS1_domain	O42207	38.500	1.000	0.884	8.707E-51	175	1	224	25	252
PRSS1_domain	Q71QH9	37.300	1.000	0.885	8.707E-51	175	1	224	25	254
PRSS1_domain	A7LAC6	38.800	1.000	0.885	8.707E-51	175	1	224	25	254
PRSS1_domain	P16294	41.800	0.969	0.486	8.707E-51	175	1	217	237	465
PRSS1_domain	P0DJF6	40.100	0.996	0.880	1.192E-50	174	1	223	25	251
PRSS1_domain	P18965	37.100	0.996	0.881	1.192E-50	174	1	223	25	253
PRSS1_domain	Q8AY81	37.900	1.000	0.885	1.192E-50	174	1	224	25	254
PRSS1_domain	O97370	38.300	0.964	0.866	1.631E-50	174	1	216	30	255
PRSS1_domain	P0DJ86	36.700	0.996	0.974	2.232E-50	173	1	223	1	225
PRSS1_domain	Q802F0	38.100	1.000	0.884	2.232E-50	173	1	224	25	252
PRSS1_domain	B0FXM3	37.100	1.000	0.884	2.232E-50	173	1	224	25	253
PRSS1_domain	Q6H321	37.500	1.000	0.908	2.232E-50	173	1	224	25	261
PRSS1_domain	P35035	38.400	0.969	0.810	2.232E-50	173	1	217	48	269
PRSS1_domain	P00740	42.400	0.969	0.497	2.232E-50	173	1	217	227	455
PRSS1_domain	A0A0S4FKT4	37.200	0.996	0.971	3.055E-50	173	1	223	1	231
PRSS1_domain	Q9PT40	37.200	0.996	0.881	3.055E-50	173	1	223	25	253
PRSS1_domain	P07338	40.100	0.996	0.875	3.055E-50	173	1	223	34	263
PRSS1_domain	D8MIA0	36.900	1.000	0.888	4.181E-50	173	1	224	24	253
PRSS1_domain	Q6T6S7	36.900	1.000	0.885	4.181E-50	173	1	224	25	254
PRSS1_domain	Q71QI4	36.900	1.000	0.885	4.181E-50	173	1	224	25	254
PRSS1_domain	Q95ND7	42.400	0.969	0.497	4.181E-50	173	1	217	227	455
PRSS1_domain	P80646	40.300	0.996	0.939	5.723E-50	172	1	223	16	245
PRSS1_domain	P35038	39.400	0.978	0.815	7.832E-50	172	1	219	49	272
PRSS1_domain	K4LLQ2	35.800	1.000	0.912	1.072E-49	171	1	224	17	243
PRSS1_domain	B0FXM2	36.800	1.000	0.885	1.072E-49	171	1	224	25	256
PRSS1_domain	P35041	39.600	0.969	0.828	1.072E-49	171	1	217	42	262
PRSS1_domain	P19540	41.500	0.969	0.507	1.072E-49	171	1	217	218	446
PRSS1_domain	Q9Z0M1	39.200	0.996	0.878	2.008E-49	171	1	223	32	255
PRSS1_domain	D8MIA1	37.300	1.000	0.888	2.008E-49	171	1	224	24	253
PRSS1_domain	Q71QI3	36.600	1.000	0.883	2.747E-49	170	1	224	25	251
PRSS1_domain	Q9I8W9	36.700	1.000	0.885	2.747E-49	170	1	224	25	254
PRSS1_domain	Q71QI2	39.100	1.000	0.884	3.760E-49	170	1	224	25	252
PRSS1_domain	E0Y418	36.900	1.000	0.885	5.145E-49	169	1	224	25	254
PRSS1_domain	P29786	39.800	0.969	0.874	7.042E-49	169	1	217	28	249
PRSS1_domain	Q2KJ63	40.000	0.964	0.363	7.042E-49	169	1	216	392	622
PRSS1_domain	P15950	43.800	0.786	0.979	1.319E-48	168	48	223	4	187
PRSS1_domain	D8MIA3	37.000	1.000	0.888	1.319E-48	168	1	224	24	253
PRSS1_domain	A7LAC7	37.500	1.000	0.885	1.319E-48	168	1	224	25	254
PRSS1_domain	P83748	40.600	0.996	0.799	1.319E-48	168	1	223	31	273
PRSS1_domain	P06868	42.600	0.996	0.284	1.805E-48	168	1	223	577	805
PRSS1_domain	P04071	37.100	1.000	0.908	3.379E-48	167	1	224	25	261
PRSS1_domain	P00767	39.000	0.996	0.939	4.624E-48	167	1	223	16	245
PRSS1_domain	P35048	41.300	0.920	0.870	4.624E-48	167	1	206	31	245
PRSS1_domain	Q6SA95	41.500	0.969	0.491	4.624E-48	167	1	217	232	460
PRSS1_domain	P80219	41.700	0.982	0.888	8.659E-48	166	1	220	20	242
PRSS1_domain	P54625	38.900	0.973	0.874	8.659E-48	166	1	218	31	251
PRSS1_domain	P00747	41.800	0.996	0.284	8.659E-48	166	1	223	581	810
PRSS1_domain	A0A182C2Z2	39.500	0.973	0.154	8.659E-48	166	1	218	36	277
PRSS1_domain	P35044	41.000	0.964	0.855	1.621E-47	165	1	216	31	248
PRSS1_domain	P40313	39.900	0.996	0.875	1.621E-47	165	1	223	34	264
PRSS1_domain	P16295	41.000	0.960	0.796	1.621E-47	165	1	215	59	285
PRSS1_domain	P16292	42.400	0.969	0.496	1.621E-47	165	1	217	228	456
PRSS1_domain	P80009	41.900	0.996	0.283	1.621E-47	165	1	223	583	812
PRSS1_domain	D3ZTE0	37.400	0.987	0.405	2.218E-47	165	1	221	354	594
PRSS1_domain	Q5R8X6	41.800	0.996	0.284	3.036E-47	164	1	223	581	810
PRSS1_domain	G2X668	39.700	0.933	0.844	4.154E-47	164	1	209	30	245
PRSS1_domain	Q9JIQ8	40.800	1.000	0.484	4.154E-47	164	1	224	254	490
PRSS1_domain	Q91Y47	39.700	0.964	0.365	4.154E-47	164	1	216	390	617
PRSS1_domain	P00741	40.700	0.969	0.496	5.683E-47	164	1	217	228	456
PRSS1_domain	Q0IIH7	39.500	0.982	0.280	7.776E-47	163	1	220	615	853
PRSS1_domain	P35039	38.400	0.978	0.818	1.064E-46	163	1	219	48	271
PRSS1_domain	Q9QYZ9	38.600	0.996	0.784	1.064E-46	163	1	223	37	279
PRSS1_domain	P16293	42.600	0.960	0.555	1.064E-46	163	1	215	183	409
PRSS1_domain	P03952	39.200	0.964	0.362	1.064E-46	163	1	216	391	621
PRSS1_domain	P00746	36.700	0.987	0.901	1.456E-46	162	1	221	26	253
PRSS1_domain	Q9R098	39.000	0.982	0.364	1.456E-46	162	1	220	406	643
PRSS1_domain	P04814	39.600	1.000	0.879	1.992E-46	162	1	224	31	255
PRSS1_domain	P54624	40.000	1.000	0.879	2.725E-46	162	1	224	31	255
PRSS1_domain	P51779	37.000	0.987	0.880	2.725E-46	162	1	221	27	254
PRSS1_domain	P80931	38.600	0.982	0.910	3.729E-46	161	1	220	20	242
PRSS1_domain	C0HKA5	37.900	0.964	0.866	3.729E-46	161	1	216	31	249
PRSS1_domain	C0HKA6	37.900	0.964	0.866	3.729E-46	161	1	216	31	249
PRSS1_domain	D8MIA2	37.500	1.000	0.887	3.729E-46	161	1	224	24	251
PRSS1_domain	Q8JH85	39.000	1.000	0.884	5.102E-46	161	1	224	25	252
PRSS1_domain	P06867	41.400	0.996	0.284	5.102E-46	161	1	223	580	809
PRSS1_domain	Q9Y5Y6	41.500	0.969	0.276	5.102E-46	161	1	217	615	850
PRSS1_domain	P27435	39.300	0.964	0.868	6.980E-46	160	1	216	29	265
PRSS1_domain	O88947	36.700	0.991	0.486	6.980E-46	160	1	222	232	465
PRSS1_domain	Q6QNF4	37.300	0.982	0.364	6.980E-46	160	1	220	407	644
PRSS1_domain	Q01177	41.200	0.969	0.277	6.980E-46	160	1	217	582	806
PRSS1_domain	P56677	39.400	0.969	0.276	6.980E-46	160	1	217	615	850
PRSS1_domain	Q9BQR3	36.400	0.982	0.834	9.549E-46	160	1	220	35	276
PRSS1_domain	Q9H3S3	37.100	0.978	0.512	9.549E-46	160	1	219	218	451
PRSS1_domain	P12545	40.500	0.996	0.284	9.549E-46	160	1	223	581	810
PRSS1_domain	P35004	38.000	0.973	0.874	1.306E-45	160	1	218	31	251
PRSS1_domain	P21845	39.200	1.000	0.888	1.306E-45	160	1	224	32	276
PRSS1_domain	Q80WM7	36.500	0.969	0.863	1.306E-45	160	1	217	34	272
PRSS1_domain	P00743	37.200	1.000	0.480	1.306E-45	160	1	224	234	469
PRSS1_domain	Q9ER04	38.700	0.982	0.516	2.445E-45	159	1	220	218	452
PRSS1_domain	P16291	39.900	0.969	0.496	2.445E-45	159	1	217	228	456
PRSS1_domain	Q80YC5	36.700	0.991	0.407	2.445E-45	159	1	222	355	597
PRSS1_domain	P36178	37.300	0.969	0.808	3.345E-45	158	1	217	46	264
PRSS1_domain	Q04962	36.400	0.991	0.406	3.345E-45	158	1	222	359	603
PRSS1_domain	Q7M323	41.700	0.982	0.281	3.345E-45	158	1	220	580	806
PRSS1_domain	Q3T0A3	36.700	0.987	0.880	4.577E-45	158	1	221	27	254
PRSS1_domain	Q8K1T0	40.500	0.964	0.501	4.577E-45	158	1	216	217	443
PRSS1_domain	O19045	35.900	1.000	0.482	4.577E-45	158	1	224	233	468
PRSS1_domain	E5L0E3	36.400	1.000	0.884	6.261E-45	158	1	224	25	252
PRSS1_domain	Q00871	36.400	0.969	0.808	6.261E-45	158	1	217	46	264
PRSS1_domain	P57727	39.600	0.964	0.502	6.261E-45	158	1	216	217	444
PRSS1_domain	Q28153	38.000	0.996	0.902	8.565E-45	157	1	223	27	266
PRSS1_domain	Q9ER10	35.100	0.982	0.782	8.565E-45	157	1	220	50	289
PRSS1_domain	Q8BJR6	35.200	0.982	0.738	8.565E-45	157	1	220	38	279
PRSS1_domain	P14272	37.200	0.996	0.373	8.565E-45	157	1	223	391	628
PRSS1_domain	Q02844	39.300	0.982	0.883	1.172E-44	157	1	220	29	269
PRSS1_domain	P35040	36.000	0.978	0.821	1.172E-44	157	1	219	47	270
PRSS1_domain	P00748	36.300	0.969	0.387	1.172E-44	157	1	217	373	610
PRSS1_domain	P81286	41.700	0.982	0.281	1.172E-44	157	1	220	580	806
PRSS1_domain	Q5G270	38.500	0.973	0.275	1.172E-44	157	1	218	632	872
PRSS1_domain	Q8IYP2	37.000	0.942	0.884	1.603E-44	156	13	223	29	241
PRSS1_domain	C0HKA2	37.900	0.964	0.866	1.603E-44	156	1	216	31	249
PRSS1_domain	C0HKA3	37.900	0.964	0.866	1.603E-44	156	1	216	31	249
PRSS1_domain	C0HKA4	37.900	0.964	0.866	1.603E-44	156	1	216	31	249
PRSS1_domain	Q9N2D1	38.000	1.000	0.891	1.603E-44	156	1	224	31	275
PRSS1_domain	Q15661	38.300	0.982	0.876	1.603E-44	156	1	220	31	271
PRSS1_domain	Q804X6	38.600	0.978	0.493	1.603E-44	156	1	219	236	467
PRSS1_domain	P20918	40.800	0.996	0.284	1.603E-44	156	1	223	582	812
PRSS1_domain	P32038	35.400	0.996	0.878	2.193E-44	156	1	223	26	256
PRSS1_domain	P20231	37.900	0.982	0.876	2.193E-44	156	1	220	31	271
PRSS1_domain	Q8VIF2	39.300	0.964	0.693	2.193E-44	156	1	216	79	310
PRSS1_domain	P98139	38.500	0.964	0.529	2.193E-44	156	1	216	192	426
PRSS1_domain	P48740	34.500	0.969	0.349	2.193E-44	156	1	217	449	692
PRSS1_domain	Q5G268	38.100	0.973	0.275	2.193E-44	156	1	218	631	871
PRSS1_domain	P18291	38.500	0.982	0.907	4.103E-44	155	1	220	21	245
PRSS1_domain	Q06605	39.100	0.982	0.907	4.103E-44	155	1	220	21	245
PRSS1_domain	O46683	37.800	0.982	0.888	4.103E-44	155	1	220	20	242
PRSS1_domain	P00774	37.600	0.996	0.889	4.103E-44	155	1	223	31	271
PRSS1_domain	O60235	38.000	0.969	0.543	4.103E-44	155	1	217	187	413
PRSS1_domain	Q29485	40.000	0.991	0.281	4.103E-44	155	2	223	583	810
PRSS1_domain	Q5G266	37.700	0.973	0.275	4.103E-44	155	1	218	631	871
PRSS1_domain	Q5G267	37.700	0.973	0.275	4.103E-44	155	1	218	631	871
PRSS1_domain	Q7RTY7	38.200	0.982	0.209	4.103E-44	155	1	220	575	811
PRSS1_domain	P35005	36.100	0.978	0.867	7.678E-44	154	1	219	31	252
PRSS1_domain	P50342	40.100	0.964	0.878	7.678E-44	154	1	216	26	262
PRSS1_domain	Q9GZN4	34.700	0.982	0.757	7.678E-44	154	1	220	50	289
PRSS1_domain	O35453	37.300	1.000	0.564	7.678E-44	154	1	224	182	427
PRSS1_domain	O97507	36.600	0.969	0.390	7.678E-44	154	1	217	372	611
PRSS1_domain	O18783	38.700	0.996	0.285	7.678E-44	154	1	223	577	806
PRSS1_domain	P49864	38.100	1.000	0.895	1.050E-43	154	1	224	26	256
PRSS1_domain	Q8BIK6	36.300	0.964	0.277	1.050E-43	154	1	216	592	821
PRSS1_domain	P56730	38.100	0.973	0.275	1.050E-43	154	1	218	631	871
PRSS1_domain	Q6BEA2	34.400	0.982	0.738	1.437E-43	154	1	220	38	279
PRSS1_domain	Q6UWB4	34.400	0.969	0.651	1.437E-43	154	1	217	68	296
PRSS1_domain	Q63207	35.500	0.991	0.488	1.437E-43	154	1	222	232	466
PRSS1_domain	P00742	35.700	0.982	0.475	1.437E-43	154	1	220	235	466
PRSS1_domain	Q05319	36.600	0.964	0.304	1.437E-43	154	1	216	544	782
PRSS1_domain	Q5G269	37.700	0.973	0.275	1.437E-43	154	1	218	633	873
PRSS1_domain	Q32LI2	36.200	0.942	0.884	1.965E-43	153	13	223	29	242
PRSS1_domain	P54627	35.200	0.978	0.867	1.965E-43	153	1	219	31	252
PRSS1_domain	Q9D9M0	37.300	0.987	0.723	1.965E-43	153	1	221	56	287
PRSS1_domain	Q6L711	37.600	0.982	0.432	1.965E-43	153	1	220	312	552
PRSS1_domain	P51588	38.900	0.978	0.882	2.688E-43	153	1	219	27	250
PRSS1_domain	P08311	37.000	0.982	0.871	2.688E-43	153	1	220	21	242
PRSS1_domain	O97399	37.700	0.964	0.864	2.688E-43	153	1	216	30	252
PRSS1_domain	P05981	36.800	1.000	0.590	2.688E-43	153	1	224	163	408
PRSS1_domain	Q5R5E8	36.500	1.000	0.590	2.688E-43	153	1	224	163	408
PRSS1_domain	Q9UNI1	38.400	0.996	0.930	3.676E-43	153	1	223	19	258
PRSS1_domain	Q91X79	36.700	0.996	0.902	3.676E-43	153	1	223	27	266
PRSS1_domain	Q8NF86	35.200	0.987	0.868	3.676E-43	153	1	221	37	279
PRSS1_domain	Q14B24	36.300	1.000	0.820	3.676E-43	153	1	224	40	272
PRSS1_domain	C6ZDB5	37.500	0.969	0.789	3.676E-43	153	1	217	34	258
PRSS1_domain	Q6IE59	34.700	0.996	0.835	5.028E-43	152	1	223	34	265
PRSS1_domain	P25155	36.900	0.982	0.488	5.028E-43	152	1	220	241	472
PRSS1_domain	Q04756	36.800	0.982	0.363	5.028E-43	152	1	220	408	645
PRSS1_domain	P49863	36.600	0.982	0.879	6.878E-43	152	1	220	27	258
PRSS1_domain	Q05511	36.500	1.000	0.591	6.878E-43	152	1	224	162	407
PRSS1_domain	Q1JRP2	37.500	0.964	0.524	6.878E-43	152	1	216	200	425
PRSS1_domain	Q8VCA5	36.800	0.973	0.522	6.878E-43	152	1	218	203	429
PRSS1_domain	B8V7S0	38.600	0.987	0.545	6.878E-43	152	1	221	25	261
PRSS1_domain	Q7M761	36.500	0.964	0.399	6.878E-43	152	1	216	52	294
PRSS1_domain	P03951	36.600	0.964	0.370	6.878E-43	152	1	216	388	618
PRSS1_domain	P35588	38.300	0.964	0.855	9.407E-43	151	1	216	31	249
PRSS1_domain	P08217	36.800	0.996	0.896	9.407E-43	151	1	223	29	269
PRSS1_domain	Q5NTB3	34.900	0.964	0.370	9.407E-43	151	1	216	388	618
PRSS1_domain	P26262	37.500	0.964	0.362	9.407E-43	151	1	216	391	621
PRSS1_domain	P00772	38.400	0.996	0.902	1.287E-42	151	1	223	27	266
PRSS1_domain	Q2F9P2	38.600	0.969	0.506	1.287E-42	151	1	217	213	448
PRSS1_domain	Q8K0D2	36.800	0.982	0.432	1.287E-42	151	1	220	312	552
PRSS1_domain	P0CW18	35.500	1.000	0.391	1.287E-42	151	1	224	105	340
PRSS1_domain	P86091	35.400	0.964	0.276	1.287E-42	151	1	216	596	825
PRSS1_domain	Q5G271	37.700	0.973	0.275	1.287E-42	151	1	218	631	871
PRSS1_domain	P14417	38.900	0.996	0.162	1.287E-42	151	1	223	1191	1420
PRSS1_domain	P17977	37.000	0.982	0.892	1.760E-42	151	1	220	21	243
PRSS1_domain	P03953	34.600	0.996	0.892	1.760E-42	151	1	223	26	256
PRSS1_domain	P08709	38.600	0.969	0.506	1.760E-42	151	1	217	213	448
PRSS1_domain	G3V801	37.700	0.973	0.317	1.760E-42	151	1	218	517	757
PRSS1_domain	Q5G265	37.200	0.973	0.275	1.760E-42	151	1	218	631	871
PRSS1_domain	Q5QSK2	36.600	0.973	0.547	2.407E-42	150	1	218	186	413
PRSS1_domain	Q5R1M5	37.600	0.996	0.902	3.292E-42	150	1	223	27	266
PRSS1_domain	P50343	36.800	1.000	0.894	3.292E-42	150	1	224	30	274
PRSS1_domain	Q5U405	38.300	0.964	0.422	3.292E-42	150	1	216	302	530
PRSS1_domain	O08762	37.700	0.973	0.317	3.292E-42	150	1	218	517	757
PRSS1_domain	Q5K2P8	37.100	0.982	0.287	3.292E-42	150	1	220	47	290
PRSS1_domain	P28293	36.100	0.982	0.851	4.502E-42	149	1	220	21	242
PRSS1_domain	P42279	36.000	0.964	0.866	6.157E-42	149	1	216	28	254
PRSS1_domain	P15944	37.800	0.964	0.862	6.157E-42	149	1	216	31	267
PRSS1_domain	Q8MHY7	39.600	0.884	0.501	6.157E-42	149	23	220	209	425
PRSS1_domain	Q17800	33.600	0.982	0.246	6.157E-42	149	1	220	713	946
PRSS1_domain	P08519	40.500	0.996	0.108	6.157E-42	149	1	223	1820	2040
PRSS1_domain	P04187	37.000	0.996	0.919	8.420E-42	149	1	223	21	247
PRSS1_domain	O46644	38.000	0.996	0.902	8.420E-42	149	1	223	27	266
PRSS1_domain	P70375	36.400	0.964	0.527	8.420E-42	149	1	216	194	428
PRSS1_domain	Q2F9P4	37.800	0.969	0.506	1.151E-41	148	1	217	213	448
PRSS1_domain	P98064	32.100	0.969	0.347	1.151E-41	148	1	217	454	697
PRSS1_domain	Q9XSM2	36.700	0.964	0.868	1.575E-41	148	1	216	29	265
PRSS1_domain	F2YMG0	35.700	0.991	0.387	1.575E-41	148	1	222	109	342
PRSS1_domain	P98073	37.500	0.973	0.228	1.575E-41	148	1	218	785	1016
PRSS1_domain	P10144	38.700	0.982	0.907	2.153E-41	147	1	220	21	244
PRSS1_domain	P08419	37.300	0.996	0.896	2.153E-41	147	1	223	29	269
PRSS1_domain	P26324	32.700	1.000	0.983	2.945E-41	147	1	224	1	230
PRSS1_domain	A1L453	35.400	0.982	0.715	2.945E-41	147	1	220	60	292
PRSS1_domain	P15120	37.200	0.991	0.576	2.945E-41	147	1	222	173	422
PRSS1_domain	Q9BYE2	36.200	1.000	0.404	2.945E-41	147	1	224	326	562
PRSS1_domain	Q8CHN8	32.500	0.969	0.347	2.945E-41	147	1	217	454	697
PRSS1_domain	P00771	35.500	0.969	0.969	4.027E-41	147	1	217	1	219
PRSS1_domain	P35049	37.100	0.933	0.859	4.027E-41	147	1	209	25	237
PRSS1_domain	Q867B0	38.400	0.996	0.930	4.027E-41	147	1	223	19	258
PRSS1_domain	O15393	37.100	0.996	0.480	4.027E-41	147	1	223	256	491
PRSS1_domain	P98140	34.800	0.991	0.399	4.027E-41	147	1	222	369	612
PRSS1_domain	Q9DBI0	34.400	0.982	0.289	4.027E-41	147	1	220	577	810
PRSS1_domain	P98074	38.100	0.973	0.224	4.027E-41	147	1	218	800	1031
PRSS1_domain	Q63ZK0	35.600	0.982	0.863	5.507E-41	146	1	220	27	253
PRSS1_domain	Q7RTY8	35.000	0.964	0.273	5.507E-41	146	1	216	606	835
PRSS1_domain	P54629	35.000	0.982	0.895	7.530E-41	146	1	220	28	258
PRSS1_domain	P00773	35.800	0.987	0.895	7.530E-41	146	1	221	27	264
PRSS1_domain	P00749	38.100	0.875	0.499	7.530E-41	146	23	218	207	421
PRSS1_domain	P29293	34.300	0.982	0.568	7.530E-41	146	1	220	43	290
PRSS1_domain	P22457	35.500	0.969	0.528	7.530E-41	146	1	217	193	428
PRSS1_domain	Q8IU80	34.000	0.982	0.289	7.530E-41	146	1	220	577	810
PRSS1_domain	O35205	35.100	0.987	0.886	1.030E-40	145	1	221	26	258
PRSS1_domain	P08001	33.800	1.000	0.607	1.030E-40	145	1	224	40	291
PRSS1_domain	Q86T26	35.500	0.964	0.543	1.030E-40	145	1	216	185	410
PRSS1_domain	P48038	30.500	1.000	0.585	1.030E-40	145	1	224	40	291
PRSS1_domain	Q5RF29	36.600	0.973	0.564	1.030E-40	145	1	218	179	421
PRSS1_domain	P35587	34.400	1.000	0.871	1.408E-40	145	1	224	31	253
PRSS1_domain	Q14B25	39.100	0.987	0.760	1.408E-40	145	1	221	40	276
PRSS1_domain	P16227	36.800	0.964	0.564	1.408E-40	145	1	216	178	421
PRSS1_domain	P23578	33.400	1.000	0.578	1.408E-40	145	1	224	43	294
PRSS1_domain	Q5K4E3	37.100	0.982	0.285	1.408E-40	145	1	220	47	290
PRSS1_domain	Q8K3U6	36.700	0.964	0.527	1.925E-40	145	1	216	194	428
PRSS1_domain	Q8SQ23	36.600	0.973	0.441	1.925E-40	145	1	218	311	558
PRSS1_domain	P98072	37.100	0.973	0.224	1.925E-40	145	1	218	801	1032
PRSS1_domain	Q8BZ10	35.300	0.973	0.547	2.633E-40	144	1	218	186	413
PRSS1_domain	Q9GL10	32.500	1.000	0.766	3.600E-40	144	1	224	40	291
PRSS1_domain	Q9NRS4	36.800	0.973	0.519	3.600E-40	144	1	218	205	431
PRSS1_domain	Q8BW11	33.800	0.942	0.884	4.922E-40	143	13	223	29	241
PRSS1_domain	Q6P326	34.700	0.982	0.857	4.922E-40	143	1	220	27	253
PRSS1_domain	Q90WD8	31.600	0.982	0.256	4.922E-40	143	1	220	50	298
PRSS1_domain	Q66TN7	32.500	0.964	0.250	4.922E-40	143	1	216	50	294
PRSS1_domain	P23946	37.000	0.996	0.915	6.730E-40	143	1	223	22	247
PRSS1_domain	A6NIE9	37.300	0.964	0.760	6.730E-40	143	1	216	68	305
PRSS1_domain	Q9NRR2	36.500	0.996	0.732	6.730E-40	143	1	223	38	272
PRSS1_domain	Q28278	32.400	0.982	0.513	6.730E-40	143	1	220	211	444
PRSS1_domain	P19221	34.200	0.982	0.411	6.730E-40	143	1	220	361	614
PRSS1_domain	A4D1T9	35.800	0.946	0.889	9.201E-40	143	8	219	23	231
PRSS1_domain	Q28661	34.400	0.982	0.520	9.201E-40	143	1	220	209	446
PRSS1_domain	O19023	38.300	0.996	0.942	1.258E-39	142	1	223	16	257
PRSS1_domain	Q9CQ52	39.400	0.996	0.900	1.258E-39	142	1	223	28	269
PRSS1_domain	P19236	36.500	0.982	0.871	1.720E-39	142	1	220	31	274
PRSS1_domain	Q6UWY2	34.600	1.000	0.823	1.720E-39	142	1	224	34	266
PRSS1_domain	Q14BX2	32.300	0.969	0.710	1.720E-39	142	1	217	35	262
PRSS1_domain	Q28380	33.000	0.938	0.490	1.720E-39	142	13	222	224	447
PRSS1_domain	Q28198	36.200	0.973	0.438	1.720E-39	142	1	218	315	562
PRSS1_domain	Q4R7Y7	35.800	0.946	0.889	2.351E-39	141	8	219	23	231
PRSS1_domain	P47797	32.400	1.000	0.891	2.351E-39	141	1	224	25	254
PRSS1_domain	P09093	39.000	0.996	0.896	2.351E-39	141	1	223	29	270
PRSS1_domain	Q9GLP2	34.000	0.982	0.510	2.351E-39	141	1	220	214	447
PRSS1_domain	Q14520	36.200	1.000	0.438	2.351E-39	141	1	224	314	558
PRSS1_domain	P00734	35.000	0.982	0.408	2.351E-39	141	1	220	364	617
PRSS1_domain	Q19AZ8	34.600	0.982	0.408	2.351E-39	141	1	220	365	618
PRSS1_domain	P0DRJ7	35.400	1.000	0.969	3.215E-39	141	1	224	1	188
PRSS1_domain	Q06606	37.400	0.982	0.895	3.215E-39	141	1	220	21	242
PRSS1_domain	Q3UQ41	37.100	0.964	0.581	3.215E-39	141	1	216	158	383
PRSS1_domain	P08861	38.700	0.996	0.896	4.395E-39	141	1	223	29	270
PRSS1_domain	Q99MS4	33.300	0.964	0.864	4.395E-39	141	1	216	31	271
PRSS1_domain	P42280	37.200	0.987	0.857	6.009E-39	140	1	221	39	278
PRSS1_domain	P49150	36.100	0.973	0.629	6.009E-39	140	3	220	145	392
PRSS1_domain	P98121	36.100	0.973	0.575	6.009E-39	140	3	220	182	429
PRSS1_domain	P15638	36.100	0.973	0.520	6.009E-39	140	3	220	228	475
PRSS1_domain	Q5E9Z2	36.000	0.982	0.432	6.009E-39	140	1	220	312	552
PRSS1_domain	P54630	36.500	0.964	0.836	8.214E-39	140	1	216	40	274
PRSS1_domain	Q07943	35.400	0.982	0.852	1.123E-38	139	1	220	28	252
PRSS1_domain	P05208	35.600	0.996	0.889	1.123E-38	139	1	223	31	271
PRSS1_domain	Q28315	33.100	1.000	0.520	1.123E-38	139	1	224	214	451
PRSS1_domain	P18292	33.400	0.982	0.412	1.123E-38	139	1	220	360	613
PRSS1_domain	Q5R537	34.600	0.982	0.408	1.123E-38	139	1	220	365	618
PRSS1_domain	P08882	35.600	0.982	0.907	1.535E-38	139	1	220	21	245
PRSS1_domain	P08883	34.300	0.982	0.907	1.535E-38	139	1	220	21	245
PRSS1_domain	P11032	35.500	0.969	0.865	1.535E-38	139	1	217	29	253
PRSS1_domain	P08218	34.800	0.996	0.896	1.535E-38	139	1	223	29	269
PRSS1_domain	Q8VHK8	33.300	0.969	0.544	1.535E-38	139	1	217	186	412
PRSS1_domain	P11214	36.100	0.982	0.445	1.535E-38	139	1	220	309	557
PRSS1_domain	P00768	36.800	0.969	0.981	2.099E-38	139	1	217	1	212
PRSS1_domain	P52195	36.100	0.996	0.915	2.099E-38	139	1	223	22	247
PRSS1_domain	P54628	37.500	0.973	0.851	2.099E-38	139	1	218	35	257
PRSS1_domain	Q29461	36.400	0.996	0.896	2.099E-38	139	1	223	29	269
PRSS1_domain	Q5S248	37.600	0.964	0.534	2.099E-38	139	1	216	192	417
PRSS1_domain	P31394	33.700	0.982	0.514	2.099E-38	139	1	220	213	449
PRSS1_domain	P97435	35.900	0.964	0.220	2.099E-38	139	1	216	830	1064
PRSS1_domain	Q7SIG3	35.700	0.964	0.983	2.869E-38	138	1	216	1	232
PRSS1_domain	P12544	35.900	0.982	0.878	2.869E-38	138	1	220	29	258
PRSS1_domain	Q14C59	34.700	0.964	0.543	2.869E-38	138	1	216	185	410
PRSS1_domain	P00745	34.700	0.991	0.518	2.869E-38	138	1	222	211	446
PRSS1_domain	P98119	35.700	0.973	0.520	2.869E-38	138	3	220	228	475
PRSS1_domain	Q7RTZ1	32.600	0.982	0.438	2.869E-38	138	1	220	52	298
PRSS1_domain	P35043	43.900	0.719	0.964	3.921E-38	138	64	224	6	164
PRSS1_domain	P20718	35.200	0.982	0.907	3.921E-38	138	1	220	21	243
PRSS1_domain	P56435	36.100	0.996	0.915	5.360E-38	138	1	223	22	247
PRSS1_domain	P19637	35.700	0.982	0.445	5.360E-38	138	1	220	309	557
PRSS1_domain	P42278	37.900	0.973	0.851	7.327E-38	137	1	218	35	257
PRSS1_domain	P29598	36.800	0.875	0.498	7.327E-38	137	25	220	210	424
PRSS1_domain	Q6IE06	32.700	0.942	0.887	1.001E-37	137	13	223	28	240
PRSS1_domain	Q9JHJ7	34.200	0.996	0.753	1.001E-37	137	1	223	55	298
PRSS1_domain	P06869	36.000	0.982	0.568	1.001E-37	137	1	220	180	425
PRSS1_domain	P33587	32.900	0.982	0.515	1.001E-37	137	1	220	212	448
PRSS1_domain	P00750	36.000	0.982	0.445	1.001E-37	137	1	220	311	560
PRSS1_domain	Q9VZH2	32.900	1.000	0.233	1.001E-37	137	1	224	803	1046
PRSS1_domain	Q32KU2	34.400	0.946	0.889	1.369E-37	136	8	219	23	231
PRSS1_domain	P24158	35.800	0.982	0.859	1.369E-37	136	1	220	28	247
PRSS1_domain	P97594	36.100	0.982	0.895	1.871E-37	136	1	220	21	242
PRSS1_domain	O93267	33.300	0.982	0.863	1.871E-37	136	2	221	17	237
PRSS1_domain	P04185	34.100	1.000	0.563	1.871E-37	136	1	224	190	438
PRSS1_domain	P00735	34.600	0.982	0.406	1.871E-37	136	1	220	367	620
PRSS1_domain	Q05589	36.500	0.964	0.557	2.557E-37	136	1	216	181	421
PRSS1_domain	P79953	30.400	0.982	0.248	3.495E-37	135	1	220	46	294
PRSS1_domain	P05805	38.500	0.960	0.941	4.777E-37	135	9	223	16	253
PRSS1_domain	Q7YRZ7	32.700	0.987	0.880	4.777E-37	135	1	221	29	255
PRSS1_domain	P10323	31.200	1.000	0.596	4.777E-37	135	1	224	43	293
PRSS1_domain	Q58L93	34.700	0.969	0.502	4.777E-37	135	1	217	210	437
PRSS1_domain	P00769	35.900	0.969	0.982	6.529E-37	134	1	217	1	214
PRSS1_domain	P04070	32.300	0.982	0.516	6.529E-37	134	1	220	212	449
PRSS1_domain	P13366	32.500	0.982	0.907	8.923E-37	134	1	220	21	245
PRSS1_domain	Q17025	35.100	1.000	0.876	8.923E-37	134	1	224	33	258
PRSS1_domain	Q03238	35.000	0.982	0.888	8.923E-37	134	1	220	21	249
PRSS1_domain	Q7RTY5	34.600	0.987	0.732	8.923E-37	134	1	221	28	267
PRSS1_domain	Q5K2P9	33.500	0.982	0.302	8.923E-37	134	1	220	51	314
PRSS1_domain	P28175	32.800	0.982	0.252	8.923E-37	134	1	220	763	1019
PRSS1_domain	Q27083	35.300	0.969	0.783	1.219E-36	134	1	217	47	288
PRSS1_domain	P24664	37.500	1.000	0.996	1.666E-36	133	1	224	1	226
PRSS1_domain	P50340	35.800	0.982	0.907	1.666E-36	133	1	220	21	243
PRSS1_domain	Q2UVH8	32.600	0.964	0.691	1.666E-36	133	1	216	41	279
PRSS1_domain	Q8VHJ4	32.800	0.969	0.544	1.666E-36	133	1	217	186	412
PRSS1_domain	P05049	35.200	0.862	0.480	1.666E-36	133	25	217	220	428
PRSS1_domain	Q6IE14	34.300	0.964	0.538	2.277E-36	133	1	216	189	414
PRSS1_domain	Q5R8J0	35.200	0.982	0.445	3.112E-36	132	1	220	311	560
PRSS1_domain	Q26422	32.400	0.982	0.252	3.112E-36	132	1	220	763	1019
PRSS1_domain	P21842	34.400	0.996	0.908	4.253E-36	132	1	223	22	247
PRSS1_domain	Q86WS5	34.100	0.964	0.678	5.811E-36	132	1	216	78	313
PRSS1_domain	Q9QUL7	34.400	0.982	0.746	7.941E-36	131	1	220	30	261
PRSS1_domain	P43430	34.600	0.982	0.895	1.085E-35	131	1	220	21	241
PRSS1_domain	Q7RTY9	33.400	0.987	0.764	1.085E-35	131	1	221	55	297
PRSS1_domain	Q9UL52	36.100	0.964	0.534	1.483E-35	130	1	216	192	417
PRSS1_domain	A6MFK8	32.600	0.996	0.497	2.768E-35	130	1	223	227	460
PRSS1_domain	Q49QW1	33.700	0.987	0.628	5.167E-35	129	4	224	139	373
PRSS1_domain	Q58L94	33.400	0.987	0.534	5.167E-35	129	1	221	210	451
PRSS1_domain	Q9Y5Q5	35.100	0.982	0.224	5.167E-35	129	1	220	802	1034
PRSS1_domain	P35047	33.700	0.973	0.898	7.060E-35	128	1	218	25	254
PRSS1_domain	Q3UKY7	32.000	0.969	0.714	7.060E-35	128	1	217	56	285
PRSS1_domain	Q9DAA4	32.500	0.946	0.882	9.645E-35	128	8	219	23	231
PRSS1_domain	P08884	30.400	0.982	0.907	9.645E-35	128	1	220	21	245
PRSS1_domain	Q27289	34.700	1.000	0.873	9.645E-35	128	1	224	33	258
PRSS1_domain	Q6ZWK6	35.200	0.964	0.516	9.645E-35	128	1	216	207	432
PRSS1_domain	Q920S2	30.300	0.996	0.758	1.318E-34	128	1	223	53	296
PRSS1_domain	Q9Z319	34.700	0.982	0.209	1.318E-34	128	1	220	869	1101
PRSS1_domain	Q8BHM9	34.000	0.964	0.515	1.800E-34	127	1	216	208	433
PRSS1_domain	P35046	33.300	0.973	0.898	2.459E-34	127	1	218	25	254
PRSS1_domain	A2VE36	33.600	0.933	0.728	2.459E-34	127	13	221	61	290
PRSS1_domain	Q4QXT9	33.000	0.969	0.472	2.459E-34	127	1	217	239	466
PRSS1_domain	P0DJE9	28.600	1.000	0.968	3.359E-34	126	1	224	1	276
PRSS1_domain	B5G6G5	32.700	0.969	0.527	3.359E-34	126	1	217	210	449
PRSS1_domain	Q91WP0	34.600	0.987	0.350	3.359E-34	126	1	221	444	683
PRSS1_domain	A7WPL7	33.800	0.996	0.915	4.589E-34	126	1	223	22	247
PRSS1_domain	P35045	33.300	0.973	0.898	4.589E-34	126	1	218	25	254
PRSS1_domain	Q1L659	33.900	0.982	0.478	4.589E-34	126	1	220	239	469
PRSS1_domain	P17945	33.700	0.946	0.304	4.589E-34	126	9	220	503	723
PRSS1_domain	Q08048	33.700	0.946	0.304	4.589E-34	126	9	220	503	723
PRSS1_domain	C0HKF7	34.100	0.973	0.845	6.268E-34	126	1	218	36	259
PRSS1_domain	C0HKF8	34.100	0.973	0.845	6.268E-34	126	1	218	36	259
PRSS1_domain	O00187	32.600	0.987	0.350	6.268E-34	126	1	221	445	684
PRSS1_domain	P14210	34.400	0.982	0.310	6.268E-34	126	1	220	495	720
PRSS1_domain	P11033	32.100	0.964	0.893	8.562E-34	125	1	216	21	245
PRSS1_domain	P21812	34.000	0.982	0.907	1.170E-33	125	1	220	21	243
PRSS1_domain	Q9TXD8	34.100	0.982	1.000	1.598E-33	124	1	220	1	243
PRSS1_domain	P52905	33.400	1.000	0.889	1.598E-33	124	1	224	28	251
PRSS1_domain	Q9JJS8	35.200	0.982	0.349	1.598E-33	124	1	220	444	682
PRSS1_domain	A6MFK7	33.000	0.969	0.482	2.182E-33	124	1	217	229	456
PRSS1_domain	Q80YN4	34.300	0.982	0.210	2.980E-33	124	1	220	867	1099
PRSS1_domain	Q00356	34.400	0.982	0.907	4.070E-33	123	1	220	21	243
PRSS1_domain	P97592	34.900	0.996	0.919	4.070E-33	123	1	223	21	246
PRSS1_domain	O35164	34.400	0.982	0.907	4.070E-33	123	1	220	21	243
PRSS1_domain	Q9BH09	33.800	0.982	0.313	4.070E-33	123	1	220	493	720
PRSS1_domain	P09650	33.600	0.982	0.858	5.559E-33	123	1	220	21	243
PRSS1_domain	Q27081	33.100	0.964	0.600	7.592E-33	123	1	216	148	387
PRSS1_domain	B7YZU2	31.500	0.973	0.142	7.592E-33	123	1	218	1449	1688
PRSS1_domain	Q867B7	33.000	0.982	0.312	1.037E-32	122	1	220	495	722
PRSS1_domain	P15119	33.300	0.964	0.889	1.416E-32	122	1	216	21	237
PRSS1_domain	Q7Z5A4	32.800	0.888	0.730	1.416E-32	122	1	199	80	293
PRSS1_domain	Q3V0Q7	30.500	0.987	0.717	1.933E-32	121	1	221	66	306
PRSS1_domain	Q6ZMR5	33.300	0.964	0.541	1.933E-32	121	1	216	187	412
PRSS1_domain	P50341	32.900	0.996	0.915	2.640E-32	121	1	223	22	247
PRSS1_domain	Q924N9	32.500	0.982	0.887	2.640E-32	121	1	220	31	273
PRSS1_domain	P81428	31.700	0.987	0.536	2.640E-32	121	1	221	210	453
PRSS1_domain	P82807	31.700	0.987	0.536	2.640E-32	121	1	221	210	453
PRSS1_domain	P26927	32.900	0.964	0.311	2.640E-32	121	1	216	484	704
PRSS1_domain	P98159	31.200	0.969	0.090	2.640E-32	121	1	217	1145	1379
PRSS1_domain	Q9WUW3	30.900	0.964	0.379	3.605E-32	121	1	216	362	590
PRSS1_domain	Q9Y6M0	32.500	0.987	0.780	4.923E-32	120	1	221	42	286
PRSS1_domain	Q76BS1	33.000	0.982	0.312	4.923E-32	120	1	220	495	722
PRSS1_domain	Q7SIG2	33.600	0.964	0.973	6.722E-32	120	1	216	1	216
PRSS1_domain	Q24K22	32.900	0.964	0.310	6.722E-32	120	1	216	485	705
PRSS1_domain	P11034	33.100	0.982	0.907	1.253E-31	119	1	220	21	243
PRSS1_domain	P35042	34.400	0.862	0.777	1.253E-31	119	25	217	55	253
PRSS1_domain	A0A1S4H5M5	34.800	0.902	0.572	1.711E-31	119	19	220	149	363
PRSS1_domain	P80420	33.000	0.987	0.846	2.336E-31	118	1	221	39	258
PRSS1_domain	Q99895	33.100	0.964	0.869	2.336E-31	118	1	216	30	262
PRSS1_domain	Q8I6K0	32.400	0.982	0.721	2.336E-31	118	1	220	97	349
PRSS1_domain	Q402U7	32.400	0.964	0.616	3.189E-31	118	1	216	112	340
PRSS1_domain	Q61129	31.600	0.964	0.380	3.189E-31	118	1	216	361	589
PRSS1_domain	P21902	34.400	0.857	0.571	4.353E-31	117	25	216	157	370
PRSS1_domain	Q58L95	30.900	0.969	0.516	4.353E-31	117	1	217	210	450
PRSS1_domain	P51124	35.800	0.969	0.875	5.942E-31	117	1	217	26	250
PRSS1_domain	Q7RTY3	30.400	0.933	0.881	5.942E-31	117	13	221	6	234
PRSS1_domain	P49276	32.900	0.982	0.821	5.942E-31	117	1	220	50	278
PRSS1_domain	P83370	30.600	0.987	0.536	5.942E-31	117	1	221	210	453
PRSS1_domain	Q7M3E1	31.700	0.982	0.884	1.107E-30	116	1	220	30	266
PRSS1_domain	P26928	33.100	0.982	0.314	1.107E-30	116	1	220	489	713
PRSS1_domain	Q7PPZ8	31.500	1.000	0.875	1.511E-30	116	1	224	34	271
PRSS1_domain	Q58L96	30.900	0.969	0.516	2.063E-30	115	1	217	210	450
PRSS1_domain	P79204	32.000	0.996	0.915	2.816E-30	115	1	223	22	246
PRSS1_domain	O97398	29.500	0.969	0.808	3.843E-30	115	1	217	46	268
PRSS1_domain	Q9V3Z2	34.000	0.875	0.570	3.843E-30	115	25	220	167	389
PRSS1_domain	F5HKX0	32.100	0.982	0.628	5.245E-30	114	1	220	148	399
PRSS1_domain	Q69DK8	32.600	1.000	0.357	5.245E-30	114	1	224	438	682
PRSS1_domain	B5U2W0	33.900	0.844	0.569	7.158E-30	114	25	213	147	351
PRSS1_domain	A0A6I8TBG6	34.000	0.933	0.489	9.769E-30	113	13	221	240	470
PRSS1_domain	Q3SYP2	32.600	0.982	0.884	1.333E-29	113	1	220	30	266
PRSS1_domain	Q9BZJ3	34.900	0.817	0.826	1.819E-29	113	1	183	38	237
PRSS1_domain	P00770	32.100	1.000	0.919	1.819E-29	113	1	224	21	247
PRSS1_domain	Q54179	31.500	0.991	0.828	1.819E-29	113	1	222	46	267
PRSS1_domain	Q9VP95	33.400	0.897	0.738	1.819E-29	113	14	214	58	260
PRSS1_domain	Q61096	32.000	0.982	0.866	2.482E-29	112	1	220	30	249
PRSS1_domain	P50339	32.000	0.996	0.915	3.387E-29	112	1	223	22	247
PRSS1_domain	Q56VR3	29.300	0.969	0.516	8.603E-29	111	1	217	210	450
PRSS1_domain	P05156	30.000	0.964	0.395	8.603E-29	111	1	216	340	569
PRSS1_domain	Q2TV78	31.600	0.964	0.309	8.603E-29	111	1	216	488	708
PRSS1_domain	P83298	31.600	0.964	0.979	1.174E-28	110	1	216	1	237
PRSS1_domain	O97366	32.000	0.933	0.649	1.174E-28	110	12	220	127	363
PRSS1_domain	Q2VG86	33.700	0.964	0.680	1.174E-28	110	1	216	113	363
PRSS1_domain	P85202	31.600	0.996	0.995	1.601E-28	110	1	223	2	220
PRSS1_domain	P21844	31.100	0.996	0.915	1.601E-28	110	1	223	22	247
PRSS1_domain	Q3UP87	32.300	1.000	0.838	1.601E-28	110	1	224	29	250
PRSS1_domain	P08246	33.900	0.982	0.813	1.601E-28	110	1	220	30	246
PRSS1_domain	P55091	32.600	0.982	0.884	1.601E-28	110	1	220	30	266
PRSS1_domain	P15156	34.100	1.000	0.354	1.601E-28	110	1	224	445	690
PRSS1_domain	Q7PEV7	31.600	0.982	0.700	2.184E-28	109	1	220	108	359
PRSS1_domain	Q9VB68	28.600	0.996	0.682	2.184E-28	109	1	223	119	375
PRSS1_domain	Q5R5A4	29.600	0.964	0.395	2.184E-28	109	1	216	340	569
PRSS1_domain	Q6P6T1	33.300	1.000	0.358	2.184E-28	109	1	224	438	683
PRSS1_domain	Q9XXV0	33.300	0.982	0.603	2.980E-28	109	1	220	174	439
PRSS1_domain	Q1L658	31.300	0.969	0.512	2.980E-28	109	1	217	210	446
PRSS1_domain	Q8K4I7	32.000	0.955	0.741	4.065E-28	109	8	221	57	291
PRSS1_domain	A0A126GUP6	29.200	0.991	0.658	4.065E-28	109	1	222	138	400
PRSS1_domain	Q7QBP4	30.900	0.982	0.693	5.545E-28	108	1	220	110	360
PRSS1_domain	Q9NAS9	31.300	0.924	0.640	5.545E-28	108	14	220	126	358
PRSS1_domain	Q6AXZ6	29.000	0.969	0.653	7.563E-28	108	1	217	70	310
PRSS1_domain	Q8MUG0	31.100	0.982	0.861	1.407E-27	107	1	220	32	267
PRSS1_domain	Q4TTV7	31.100	0.982	0.861	2.616E-27	106	1	220	32	267
PRSS1_domain	A0A1S4H5S2	32.300	0.871	0.581	3.568E-27	106	26	220	149	359
PRSS1_domain	Q76HL1	29.600	0.946	0.597	3.568E-27	106	13	224	131	358
PRSS1_domain	P35003	27.600	0.969	0.902	4.865E-27	106	1	217	24	252
PRSS1_domain	A6H6T1	29.700	1.000	0.679	6.634E-27	105	1	224	69	316
PRSS1_domain	Q0VCX1	31.400	0.982	0.353	6.634E-27	105	1	220	438	680
PRSS1_domain	P80010	37.000	0.790	0.221	9.046E-27	105	1	177	582	761
PRSS1_domain	C1IBY0	32.200	0.946	0.875	1.233E-26	104	1	212	24	240
PRSS1_domain	Q17004	31.200	0.982	0.808	1.233E-26	104	1	220	50	268
PRSS1_domain	O96900	33.100	0.991	0.836	1.233E-26	104	1	222	36	274
PRSS1_domain	O70169	28.600	0.996	0.684	1.233E-26	104	1	223	68	318
PRSS1_domain	Q9GRW0	31.600	0.884	0.533	1.233E-26	104	25	222	185	405
PRSS1_domain	Q7M4I3	30.600	0.951	0.959	1.682E-26	104	1	213	1	233
PRSS1_domain	Q5M8S2	29.000	0.982	0.755	1.682E-26	104	1	220	44	280
PRSS1_domain	P09871	30.700	1.000	0.358	1.682E-26	104	1	224	438	683
PRSS1_domain	Q8CG14	32.500	1.000	0.358	2.292E-26	104	1	224	438	683
PRSS1_domain	P0DPS3	29.800	0.866	0.995	3.125E-26	103	1	194	1	199
PRSS1_domain	Q6IE63	29.000	0.982	0.755	3.125E-26	103	1	220	44	280
PRSS1_domain	Q8CFG8	34.000	1.000	0.358	3.125E-26	103	1	224	438	683
PRSS1_domain	P20160	29.200	0.982	0.865	5.807E-26	102	1	220	27	243
PRSS1_domain	P00775	29.200	0.964	0.834	1.470E-25	101	1	216	37	252
PRSS1_domain	Q6IE62	29.800	0.955	0.712	1.470E-25	101	8	221	57	291
PRSS1_domain	F1DQG5	31.300	0.973	0.851	2.004E-25	101	1	218	37	264
PRSS1_domain	P08897	31.700	0.969	0.858	2.731E-25	100	1	217	31	253
PRSS1_domain	Q5R544	31.100	0.969	0.333	2.731E-25	100	1	217	464	698
PRSS1_domain	Q28412	31.800	0.643	0.981	3.722E-25	100	62	205	4	157
PRSS1_domain	B6D985	28.900	0.996	0.613	3.722E-25	100	1	223	156	400
PRSS1_domain	P19007	28.900	0.996	0.706	9.415E-25	99	1	223	103	347
PRSS1_domain	B6E141	27.700	0.996	0.611	9.415E-25	99	1	223	157	401
PRSS1_domain	Q8MZM7	29.900	0.969	0.652	9.415E-25	99	1	217	137	400
PRSS1_domain	P17207	32.900	0.969	0.827	1.283E-24	98	1	217	41	265
PRSS1_domain	Q8MQS8	30.600	0.964	0.573	1.283E-24	98	1	216	161	392
PRSS1_domain	P00736	30.700	0.969	0.333	1.283E-24	98	1	217	464	698
PRSS1_domain	Q4R577	29.000	0.969	0.333	1.283E-24	98	1	217	464	698
PRSS1_domain	Q5R1W3	30.700	0.969	0.333	1.283E-24	98	1	217	464	698
PRSS1_domain	P19006	28.300	0.996	0.745	1.747E-24	98	1	223	85	329
PRSS1_domain	Q8CFG9	30.800	0.969	0.336	1.747E-24	98	1	217	463	699
PRSS1_domain	Q28801	28.500	0.996	0.708	2.381E-24	98	1	223	102	346
PRSS1_domain	P00738	27.700	0.996	0.603	3.243E-24	97	1	223	162	406
PRSS1_domain	P00739	28.100	0.996	0.704	4.417E-24	97	1	223	104	348
PRSS1_domain	Q8SPS7	28.200	0.996	0.706	6.016E-24	96	1	223	103	347
PRSS1_domain	Q2TBU0	27.300	0.996	0.611	6.016E-24	96	1	223	157	401
PRSS1_domain	Q7Z269	31.300	0.973	0.841	8.194E-24	96	1	218	34	266
PRSS1_domain	Q5R5F6	27.300	0.996	0.706	8.194E-24	96	1	223	103	347
PRSS1_domain	A0A6J1W8N1	30.500	0.875	0.713	2.069E-23	95	26	221	77	292
PRSS1_domain	A8JUP7	29.900	0.911	0.355	3.837E-23	94	17	220	406	631
PRSS1_domain	P23604	33.000	0.857	0.953	5.224E-23	94	1	192	1	203
PRSS1_domain	P84033	28.300	0.964	0.980	9.681E-23	93	1	216	1	240
PRSS1_domain	P23605	33.300	0.857	0.953	1.318E-22	93	1	192	1	204
PRSS1_domain	G5AE35	29.900	0.982	0.885	1.318E-22	93	1	220	29	259
PRSS1_domain	P50417	26.500	0.996	0.706	2.441E-22	92	1	223	103	347
PRSS1_domain	Q3UZ09	29.300	0.973	0.492	2.441E-22	92	3	220	242	478
PRSS1_domain	Q5VAN1	26.500	0.996	0.706	3.322E-22	91	1	223	103	347
PRSS1_domain	P13582	30.100	0.933	0.628	3.322E-22	91	12	220	145	390
PRSS1_domain	Q9VWU1	29.900	0.982	0.622	3.322E-22	91	1	220	144	388
PRSS1_domain	B8VIV4	36.000	0.661	0.411	4.521E-22	91	1	148	228	387
PRSS1_domain	Q8CG16	28.700	0.969	0.337	6.153E-22	91	1	217	463	700
PRSS1_domain	Q28506	31.000	0.643	0.981	1.139E-21	90	62	205	4	161
PRSS1_domain	Q966V2	27.800	0.964	0.613	1.139E-21	90	1	216	130	367
PRSS1_domain	Q9UI38	28.200	0.911	0.595	2.868E-21	89	13	216	125	353
PRSS1_domain	O35086	26.500	0.996	0.708	7.216E-21	87	1	223	102	346
PRSS1_domain	Q60574	26.500	0.996	0.706	7.216E-21	87	1	223	103	347
PRSS1_domain	Q9NAS8	27.300	0.969	0.709	7.216E-21	87	1	217	101	366
PRSS1_domain	Q571E5	28.000	0.915	0.400	9.813E-21	87	13	217	49	269
PRSS1_domain	B1AC88	28.200	0.973	0.872	1.334E-20	87	1	218	29	253
PRSS1_domain	Q61646	26.200	0.996	0.706	1.334E-20	87	1	223	103	347
PRSS1_domain	Q2L4Q9	26.900	0.915	0.400	1.334E-20	87	13	217	49	269
PRSS1_domain	P80015	28.000	0.982	0.874	4.558E-20	85	1	220	27	241
PRSS1_domain	Q6IE64	28.300	0.973	0.514	8.421E-20	84	3	220	216	452
PRSS1_domain	Q945T9	29.300	0.982	0.789	1.555E-19	83	1	220	29	256
PRSS1_domain	P06866	25.300	0.996	0.706	1.555E-19	83	1	223	103	347
PRSS1_domain	A8MTI9	27.400	0.964	0.635	1.555E-19	83	1	216	81	318
PRSS1_domain	A0A1S4GMJ4	31.400	0.884	0.601	3.901E-19	82	25	222	139	352
PRSS1_domain	Q9VCJ8	29.400	0.982	0.660	9.777E-19	81	1	220	135	398
PRSS1_domain	Q62558	25.200	0.987	0.700	1.803E-18	80	1	221	103	345
PRSS1_domain	B1AC87	28.000	0.973	0.879	3.324E-18	79	1	218	27	251
PRSS1_domain	Q8BLH5	28.100	0.911	0.522	8.314E-18	78	13	216	179	407
PRSS1_domain	A0A834RHI5	27.700	0.987	0.871	1.128E-17	78	1	221	27	255
PRSS1_domain	Q9NZP8	27.000	0.978	0.489	1.128E-17	78	2	220	246	483
PRSS1_domain	B1AC90	26.400	0.964	0.864	1.531E-17	78	1	216	27	249
PRSS1_domain	Q7K5M0	24.800	0.951	0.327	2.078E-17	77	12	224	434	647
PRSS1_domain	Q945U0	27.000	0.982	0.883	3.824E-17	76	1	220	29	255
PRSS1_domain	Q6UXH9	27.300	0.911	0.335	8.026E-16	72	17	220	479	719
PRSS1_domain	Q945T8	35.400	0.460	0.770	1.087E-15	72	118	220	31	137
PRSS1_domain	Q5RDI1	27.300	0.911	0.335	1.473E-15	72	17	220	479	719
PRSS1_domain	Q5E9P5	28.000	0.875	0.321	1.473E-15	72	25	220	489	719
PRSS1_domain	Q6VPT6	26.300	1.000	0.895	3.661E-15	70	1	224	28	257
PRSS1_domain	Q6DIV5	28.200	0.875	0.320	4.957E-15	70	25	220	491	721
PRSS1_domain	Q8BU25	27.500	0.906	0.333	9.085E-15	69	18	220	480	719
PRSS1_domain	B1AC89	27.200	0.812	0.718	5.576E-14	67	1	182	29	211
PRSS1_domain	Q6PEW0	28.300	0.911	0.534	1.020E-13	66	13	216	54	264
PRSS1_domain	E5RG02	30.800	0.571	0.759	1.531E-12	63	1	128	43	174
PRSS1_domain	Q7M756	24.400	0.911	0.548	2.791E-12	62	13	216	44	253
PRSS1_domain	A0A1S4HE51	23.600	0.946	0.577	5.084E-12	61	13	224	163	402
PRSS1_domain	P81187	23.200	0.929	0.342	5.084E-12	61	13	220	494	753
PRSS1_domain	Q864W1	23.700	0.929	0.344	1.248E-11	60	13	220	494	756
PRSS1_domain	A4QD57	26.200	0.897	0.655	2.270E-11	59	16	216	50	231
PRSS1_domain	Q8NRF6	26.200	0.897	0.655	2.270E-11	59	16	216	50	231
PRSS1_domain	P0DJG3	30.100	0.518	0.765	3.060E-11	59	1	116	1	91
PRSS1_domain	P00751	23.700	0.929	0.344	5.558E-11	58	13	220	494	756
PRSS1_domain	Q864W0	23.700	0.929	0.344	5.558E-11	58	13	220	494	756
PRSS1_domain	Q864V9	23.700	0.929	0.344	5.558E-11	58	13	220	494	756
PRSS1_domain	Q03710	24.100	0.902	0.331	7.489E-11	57	19	220	505	757
PRSS1_domain	P20005	37.800	0.281	0.653	8.080E-10	54	1	63	23	88
PRSS1_domain	P04186	20.900	0.929	0.346	1.087E-09	54	13	220	491	753
PRSS1_domain	P21180	22.900	0.835	0.303	1.462E-09	53	8	194	481	710
PRSS1_domain	Q3SYW2	23.500	0.897	0.329	1.965E-09	53	9	209	476	722
PRSS1_domain	C1JE15	25.600	0.862	0.736	1.156E-08	51	25	217	72	283
PRSS1_domain	Q8SQ75	24.500	0.835	0.302	1.156E-08	51	8	194	474	700
PRSS1_domain	P06681	24.500	0.835	0.302	1.156E-08	51	8	194	474	700
PRSS1_domain	Q863A0	24.500	0.835	0.302	1.156E-08	51	8	194	474	700
PRSS1_domain	Q8SQ74	24.300	0.835	0.302	1.552E-08	50	8	194	474	700
PRSS1_domain	P0DL27	40.000	0.223	1.000	5.034E-08	49	1	50	1	50
PRSS1_domain	C0HK19	28.400	0.411	0.963	6.751E-08	48	82	173	2	79
PRSS1_domain	Q7LZF5	53.100	0.143	0.427	2.921E-07	46	161	192	44	75
PRSS1_domain	Q9CQW3	25.700	0.679	0.373	2.921E-07	46	11	162	192	340
PRSS1_domain	A0A1B0GVH4	35.000	0.263	0.268	7.015E-07	45	8	66	46	104
PRSS1_domain	P81038	31.100	0.397	0.918	9.391E-07	45	1	89	1	90
PRSS1_domain	P0DL26	38.000	0.219	1.000	3.009E-06	43	1	49	1	50
PRSS1_domain	P22891	22.200	0.674	0.385	3.009E-06	43	12	162	188	341
PRSS1_domain	P0DKY5	46.500	0.183	0.955	9.610E-06	42	1	41	1	42
PRSS1_domain	C0HLA3	38.400	0.228	0.981	9.610E-06	42	1	51	1	52
PRSS1_domain	P37357	58.800	0.134	0.400	7.275E-05	39	1	30	1	34
PRSS1_domain	P00744	23.100	0.915	0.503	9.707E-05	38	13	217	155	353
PRSS1_domain	P86545	44.400	0.156	1.000	5.456E-04	36	2	36	1	36
PRSS1_domain	P37358	31.800	0.308	0.589	5.401E-03	33	117	185	30	72
PRSS1_domain	P0C8M2	32.500	0.179	1.000	5.296E-02	30	1	40	1	40
PRSS1_domain	P39790	34.800	0.156	0.137	9.358E-02	29	11	45	109	151
PRSS1_domain	P80057	38.700	0.129	0.098	9.086E-01	26	13	41	112	142
PRSS1_domain	Q1WK24	46.100	0.116	0.056	9.086E-01	26	16	41	144	166
PRSS1_domain	Q8N3Z0	46.100	0.116	0.056	9.086E-01	26	16	41	148	170
