strategy	N	coverage	mean_dist	classes
random	3	0.11789380530973453	0.5688559779374515	2.34
taxonomy-stratified	3	0.12223008849557523	0.5726797186193537	2.45
max-diversity	3	0.23539823008849559	0.5400751502869062	2.0
random	5	0.1968141592920354	0.5296546138682174	3.32
taxonomy-stratified	5	0.18284955752212395	0.5388823564307695	3.45
max-diversity	5	0.24778761061946902	0.5258104840335291	4.0
random	8	0.24415929203539818	0.5016876050108376	4.19
taxonomy-stratified	8	0.2514336283185841	0.5056283493929896	4.4
max-diversity	8	0.26194690265486725	0.5146048658745961	4.0
random	10	0.2960884955752212	0.47957221040794906	4.54
taxonomy-stratified	10	0.28233628318584075	0.48912359768055924	4.75
max-diversity	10	0.2778761061946903	0.502151431664786	4.0
random	15	0.3459469026548674	0.45157807710970743	5.12
taxonomy-stratified	15	0.34019469026548665	0.4616878874412438	5.41
max-diversity	15	0.2902654867256637	0.49146843689545777	4.0
random	20	0.3841946902654868	0.4295579529750412	5.54
taxonomy-stratified	20	0.37886725663716825	0.44091183020581126	5.86
max-diversity	20	0.3309734513274336	0.4679724067312862	5.0
random	30	0.44600000000000023	0.3949319163637011	6.08
taxonomy-stratified	30	0.43716814159292056	0.4079028235844298	6.43
max-diversity	30	0.3663716814159292	0.4344584863368364	6.0
random	50	0.5471858407079647	0.3404292757506181	6.73
taxonomy-stratified	50	0.5212212389380533	0.36061178719653453	7.24
max-diversity	50	0.5274336283185841	0.3619660907273189	7.0
