N	identity_pct	mean_clusters	sd
5	70	4.95	0.21794494717703367
5	50	4.75	0.5361902647381804
10	70	9.2	0.9273618495495703
10	50	7.9	1.2206555615733703
20	70	16.4	1.7146428199482247
20	50	14.35	2.495495942693556
40	70	29.9	2.643860813280457
40	50	24.45	2.7290108097990378
80	70	52.3	3.2109188716004646
80	50	39.55	3.2935543110748915
120	70	71.25	3.491060010942235
120	50	50.75	3.9984371947049513
160	70	85.25	5.146600819958742
160	50	62.0	3.391164991562634
240	70	113.7	4.325505750776434
240	50	74.5	3.4713109915419564
320	70	133.35	4.452808102759426
320	50	86.05	4.030818775385468
440	70	160.1	3.1764760348537178
440	50	95.0	2.0976176963403033
565	70	183.0	0.0
565	50	104.0	0.0
