strategy	n_seqs	r_vs_full_conservation
random	10	0.9009892038184175
farthest-point	10	0.8990481516461385
random	20	0.9459812510525885
farthest-point	20	0.939881933069825
random	50	0.9799478391271379
farthest-point	50	0.9752508933194359
random	100	0.9915366024797154
farthest-point	100	0.9791784371649059
random	200	0.9968627060963313
farthest-point	200	0.9896650451127472
cluster reps @90%	407	0.9985276004405716
random, same N as @90%	407	0.9993438751841337
cluster reps @80%	265	0.9957455460720275
random, same N as @80%	265	0.9981025833342391
cluster reps @70%	183	0.9874884618368316
random, same N as @70%	183	0.9963852731894929
cluster reps @60%	146	0.9806404593857478
random, same N as @60%	146	0.9950016047392947
cluster reps @50%	104	0.9792703508393527
random, same N as @50%	104	0.9916736708381003
cluster reps @40%	27	0.9497647421401585
random, same N as @40%	27	0.9581929473628553
